wavelength (nm), transmission
379, 0.10993072997460929
380, 0.10848461058069159
381, 0.10477137778137124
382, 0.09443674188092399
383, 0.0890741981226848
384, 0.0806956041662863
385, 0.0664510291516327
386, 0.06126160393190916
387, 0.04992599403516085
388, 0.04311843389716885
389, 0.03728677983162476
390, 0.03141594186834751
391, 0.027789280732645416
392, 0.024902524782681734
393, 0.02200708086225789
394, 0.020525480196316614
395, 0.019432920096211115
396, 0.01920071326744477
397, 0.019214403958952353
398, 0.019177918520731696
399, 0.019635997263623084
400, 0.02023052092843214
401, 0.020771744010514848
402, 0.02168618837934977
403, 0.022293621737172087
404, 0.022455296991857443
405, 0.022581929979644588
406, 0.021652402313929286
407, 0.021335130728961538
408, 0.02048665611244882
409, 0.01931830431827941
410, 0.018488747855898158
411, 0.017958062192057866
412, 0.017993818062735478
413, 0.01798634656959508
414, 0.017988234480838416
415, 0.017981779235818562
416, 0.017887927421597283
417, 0.01725284667507898
418, 0.016619594902485213
419, 0.014194845298909353
420, 0.01262871360597595
421, 0.011036587619175808
422, 0.009530555402839092
423, 0.007850451949786175
424, 0.007023904739692055
425, 0.006399518018755268
426, 0.005401212873938022
427, 0.005315791077224352
428, 0.005312939139256123
429, 0.005313435291223634
430, 0.005298481186835513
431, 0.005573989588607553
432, 0.006656414642036035
433, 0.0071737037594321595
434, 0.008238727569796156
435, 0.009848629924961383
436, 0.0109455001786396
437, 0.012581538044534657
438, 0.013731517926473424
439, 0.014342990488104945
440, 0.014048872972244775
441, 0.01343494633184994
442, 0.011820307907624894
443, 0.01068386635119678
444, 0.010117730117567225
445, 0.009162609951351541
446, 0.008527316073968727
447, 0.007644457452571807
448, 0.006926755297060216
449, 0.006335034207251677
450, 0.0057554444072451805
451, 0.005194993670995851
452, 0.004279921911011897
453, 0.003090512859646788
454, 0.002121387649580031
455, 0.0020302262763831624
456, 0.001429638434923941
457, 0.0008344899212613388
458, 0.0008266119243762748
459, 0.000818416047383641
460, 0.0008310482148141674
461, 0.0005880959290913701
462, 0.0
463, 0.000008027035803159777
464, 0.0
465, 0.0
466, 1.8255476907924617e-8
467, 2.7081521469796144e-9
468, 0.0
468.99999999999994, 0.0
470, 1.5228929228783272e-11
470.99999999999994, 0.0
472, 0.0
473, 3.419486915845482e-14
474, 5.551115123125783e-15
475, 0.0
476, 0
477, 0
478, 0
479, 0
480, 0
481, 0
482, 0
483, 0
484, 0
485, 0
486, 0
487, 0
488, 0
489, 0
490, 0
491, 8.881784197001252e-16
492, 0.0
493, 0.0
494, 9.725553695716371e-14
495, 8.193445921733655e-13
496, 0.0
497, 0.0
498, 3.2202351896160053e-10
499, 0.0
500, 0.0
501, 5.020242777042938e-8
502, 4.3838580809918426e-7
503, 0.0
504, 0.0
505, 0.00023061381827793603
506, 0.00040207560555050037
507, 0.0008647668382719687
508, 0.0008131464371941011
509, 0.0008169506218256295
510, 0.0008161518274341084
511, 0.0008132913375480388
512, 0.0009601042597322529
513, 0.0020224083156872297
514, 0.0027472462628979066
515, 0.0036536857572706527
516, 0.0037278830741060975
517, 0.004629717449858406
518, 0.005812532501602519
519, 0.006982468110185547
520, 0.008150308361836833
521, 0.009313154859669881
522, 0.010507177248463728
523, 0.011071612837330713
524, 0.010819490456666303
525, 0.009747561695897966
526, 0.009000084578916656
527, 0.007785896648415003
528, 0.006460870447475786
529, 0.0050288612697637625
530, 0.003875951668738109
531, 0.002672055840517995
532, 0.0019995973082616025
533, 0.0014174530603550117
534, 0.000822164843138129
535, 0.000828744912291457
536, 0.0008106664720215484
537, 0.0007456842470197067
538, 0.00008521403164318819
539, 0.000005041433964958486
540, 0.0
541, 1.7028655374673463e-8
542, 4.434752298720923e-8
543, 0.0
544, 0.0
545, 1.3835621537339193e-10
546, 9.884759677447619e-12
547, 0.0
548, 2.375877272697835e-14
549, 8.459899447643693e-14
550, 0.0
551, 0.0
552, 2.220446049250313e-16
553, 0
554, 0
555, 0
556, 0
557, 2.220446049250313e-16
558, 3.552713678800501e-15
559, 0.0
560, 0.0
561, 1.1679546219056647e-12
562, 0.0
563, 0.0
564, 1.4940049197775807e-10
565, 1.8245183142084898e-9
566, 0.0
567, 0.0
568, 6.136450003690896e-7
569, 2.1010918338504325e-8
570, 0.0
571, 0.00033651516667720927
572, 0.0008482990466813778
573, 0.0008126815724427416
574, 0.0008171461876480546
575, 0.0008176938234982778
576, 0.0008175563653607387
577, 0.000817552839464275
578, 0.0008175560121903569
579, 0.0008175541112183105
580, 0.0008175671379491156
581, 0.0008176038466263247
582, 0.0008169398518953486
583, 0.0008174065618944404
584, 0.0008451382850933609
585, 0.00047631199096143106
586, 0.0
587, 0.000004707055228259094
588, 4.273819897981923e-7
589, 0.0
590, 0.0
591, 3.133576065295074e-9
592, 0.0
593, 0.0
594, 8.819611707622244e-12
595, 8.317790900491673e-13
596, 0.0
597, 0.0
598, 5.995204332975845e-15
599, 0.0
600, 0
601, 0
602, 0
603, 0
604, 0
605, 0.0
606, 3.552713678800501e-15
607, 5.3512749786932545e-14
608, 0.0
609, 0.0
610, 1.646016656309257e-11
611, 1.1090905971400389e-11
612, 0.0
613, 1.7214405456655868e-9
614, 2.83613403873062e-8
615, 0.0
616, 0.0
617, 0.0000086350134691493
618, 0.000006793462107745896
619, 0.0006379081124816555
620, 0.0008239007091848105
621, 0.0008202197868967254
622, 0.0008152109415766606
623, 0.0008065779594019773
624, 0.0010276682061627351
625, 0.0016395334236096737
626, 0.0017927410375664365
627, 0.00239542038094398
628, 0.003564437563091216
629, 0.006193055202293074
630, 0.008006804942244816
631, 0.011978147172500453
632, 0.019044903226189014
633, 0.025262354126646347
634, 0.034024541086998816
635, 0.03523137121334807
636, 0.03717280044738791
637, 0.033666247266022964
638, 0.031606248969580086
639, 0.03075559925904181
640, 0.034613741585930224
641, 0.0361776160245153
642, 0.03147976550371023
643, 0.026098190207323402
644, 0.02245660724584919
645, 0.017165698775845506
646, 0.012493016783281963
647, 0.01070337447535108
648, 0.009077814627428404
649, 0.008494398580007001
650, 0.007537896924030729
651, 0.006930556381684383
652, 0.006953871713714754
653, 0.006949359968460689
654, 0.006949160647479191
655, 0.006949144949901953
656, 0.0069473049566428635
657, 0.006958144250956533
658, 0.007010003326266112
659, 0.007567592422392799
660, 0.008606586244131575
661, 0.008726915992728346
662, 0.009379976116097533
663, 0.010196532189347352
664, 0.011690510858088698
665, 0.012804469453508105
666, 0.014592911108255224
667, 0.01605859620411554
668, 0.019193195281564268
669, 0.020991817712044947
670, 0.026308263086364914
671, 0.030031814825676628
672, 0.032982023336398436
673, 0.03912204953130294
674, 0.04832462661844672
675, 0.05403457678824797
676, 0.0666070415110962
677, 0.07167692074835519
678, 0.07789550263602729
679, 0.08658488542408938
680, 0.09092045718335884
681, 0.09458887383736392
682, 0.09881644655317623
683, 0.09938370848607359
684, 0.09780675602957833
685, 0.0958118665377552
686, 0.091302133749535
686.9999999999999, 0.08851545454437071
688, 0.08181712356515125
689, 0.07787464042096515
690, 0.0697402761811925
691, 0.0665123875272684
692, 0.06218960284485742
693, 0.057494189990144884
694, 0.055144330981594214
695, 0.052166395477244665
696, 0.05007350406708899
697, 0.047915486122654505
698, 0.046238787661564196
699, 0.04548166950303467
700, 0.044443876197578946
701, 0.04515334079743116
702, 0.04541137611266688
703, 0.04647033848328408
704, 0.046972929578290135
705, 0.04797247464349308
706, 0.04919131775507268
707, 0.05095077687634064
708, 0.05301926344457786
709, 0.054899767245455644
709.9999999999999, 0.0575120060132599
711, 0.05999699160087446
712, 0.0634916819190765
713, 0.06887548703104529
713.9999999999999, 0.07251304522012347
715, 0.07747267463698915
716, 0.08567065759349224
717, 0.09305659901610874
718, 0.10526003000561523
719, 0.1143340282201546
720, 0.12362839255870894
721, 0.1412687324055626
722, 0.15576165280468723
723, 0.16492723148336474
724, 0.19406539581195315
725, 0.21582324631350014
726, 0.24981369792659902
727, 0.28525411562048686
728, 0.3016685501137929
729, 0.3364951950099129
730, 0.39092195672301755
731, 0.42093263933501135
732, 0.4852213691513385
733, 0.5060618624177476
734, 0.5358563319054384
735, 0.5791716998592532
736, 0.6052482611249207
736.9999999999999, 0.6189249758096491
738, 0.6530957068877488
739, 0.6612321280859169
740, 0.6714630634737275
740.9999999999999, 0.666033429787856
742, 0.6617578339534714
743, 0.653436861213642
744, 0.6336544612410067
744.9999999999999, 0.6180130970477811
745.9999999999999, 0.6011207767808944
747, 0.5782135485476676
748, 0.5655819591222084
748.9999999999999, 0.5442309838583994
749.9999999999999, 0.5319753484468591
751, 0.5243884786455785
752, 0.5072576485645036
752.9999999999999, 0.5016716399766369
753.9999999999999, 0.49457248597252124
755, 0.4909474409785145
756, 0.4891604171946625
756.9999999999999, 0.4889995746791064
757.9999999999999, 0.4915906189679239
759, 0.49405012194177067
760, 0.49783195100871636
760.9999999999999, 0.5070594901664953
762, 0.5113103651432297
763, 0.5238744977125804
763.9999999999999, 0.5370358580617364
764.9999999999999, 0.5443815148450687
766, 0.5655219221444354
767, 0.5810624287508811
767.9999999999999, 0.6032611853454556
768.9999999999999, 0.6245904812450026
770, 0.6359474989719626
771, 0.6553243560943525
771.9999999999999, 0.6856987090040173
772.9999999999999, 0.705814370231496
774, 0.7283718986829688
775, 0.756674658194397
775.9999999999999, 0.7738247741166677
776.9999999999999, 0.8048818780626308
778, 0.8276692060678454
779, 0.8412085461088414
779.9999999999999, 0.8759814074515493
780.9999999999999, 0.892333287225938
782, 0.9144542915830933
783, 0.9305537370183679
783.9999999999999, 0.9377926903879832
784.9999999999999, 0.9492389783953951
786, 0.9616043671419003
786.9999999999999, 0.9660849960761027
787.9999999999999, 0.9704470607493032
788.9999999999999, 0.9703411147171671
790, 0.9683632392243975
790.9999999999999, 0.9636795345246068
791.9999999999999, 0.9575154384650006
793, 0.9527973745776681
794, 0.941696370225185
794.9999999999999, 0.931520968059548
795.9999999999999, 0.919519870479313
797, 0.9047845294870664
798, 0.896737887207774
798.9999999999999, 0.8856818834318012
799.9999999999999, 0.8695331444729278
801, 0.8596188058891258
802, 0.8485463789334482
802.9999999999999, 0.8359193385379952
803.9999999999999, 0.8280006529728723
805, 0.8159105792568431
806, 0.8078423906471555
806.9999999999999, 0.8027917979096187
807.9999999999999, 0.7937241758643655
809, 0.789692345719648
810, 0.7845397464048767
810.9999999999999, 0.7799600184175405
811.9999999999999, 0.7770763175817086
813, 0.7755125127290888
813.9999999999999, 0.7723837987445026
814.9999999999999, 0.7719544024723084
815.9999999999999, 0.7717774573038757
817, 0.7725495130529564
817.9999999999999, 0.7736531197318803
818.9999999999999, 0.7763842146497673
820, 0.7792634530875193
821, 0.7828159730901864
821.9999999999999, 0.7861379214957013
822.9999999999999, 0.7894581320106383
824, 0.7957033352933136
825, 0.8003779925088039
825.9999999999999, 0.8062267501852981
826.9999999999999, 0.8127447843576525
828, 0.8178895455409301
829, 0.8242891645883251
829.9999999999999, 0.8296049123926519
830.9999999999999, 0.8394452336468696
832, 0.8454691890978268
833, 0.8547975350327184
833.9999999999999, 0.8607283186945995
834.9999999999999, 0.8669007242257842
836, 0.8757738859876494
837, 0.8815200627315873
837.9999999999999, 0.8895947618560702
838.9999999999999, 0.8948338040206243
840, 0.900179812062692
840.9999999999999, 0.9043625138879312
841.9999999999999, 0.9099458575039496
842.9999999999999, 0.9148173341207472
844, 0.9186856206251435
844.9999999999999, 0.9245895769833223
845.9999999999999, 0.9280208104797314
846.9999999999999, 0.9329983021708517
848, 0.9356920244721962
848.9999999999999, 0.9385479391142519
849.9999999999999, 0.9412151207120962
851, 0.9435281891596405
852, 0.9449496927090106
852.9999999999999, 0.9454352085634556
853.9999999999999, 0.9463918537293954
855, 0.9463399810240274
856, 0.945815164495431
856.9999999999999, 0.9454568579312981
857.9999999999999, 0.9454765438203525
859, 0.9445038618197008
860, 0.9431762679451201
860.9999999999999, 0.9413857249790982
861.9999999999999, 0.9399933873910102
863, 0.9383574787764426
863.9999999999999, 0.9372355346455281
864.9999999999999, 0.9360580049349931
865.9999999999999, 0.9348806956816951
867, 0.9337352132823598
867.9999999999999, 0.9319798834048103
868.9999999999999, 0.9303208588126577
869.9999999999999, 0.9275598766265309
871, 0.9252377443799138
871.9999999999999, 0.9233608314006787
872.9999999999999, 0.9216061515254699
873.9999999999999, 0.9198460184089102
875, 0.9179356426290468
875.9999999999999, 0.9162606947806042
876.9999999999999, 0.9146557606631533
877.9999999999999, 0.9132432530068866
879, 0.9119248988202426
879.9999999999999, 0.910051610977572
880.9999999999999, 0.9091869182909935
882, 0.9078355165783771
883, 0.9072228512712686
883.9999999999999, 0.9069482259616737
884.9999999999999, 0.9062765742390082
886, 0.9054041351405613
887, 0.9056809248321349
887.9999999999999, 0.9058399528034582
888.9999999999999, 0.9063051404725395
890, 0.9062651461997249
890.9999999999999, 0.906331644339621
891.9999999999999, 0.9067134501946628
892.9999999999999, 0.9066925591966892
894, 0.9070947696763989
894.9999999999999, 0.9074406869288896
895.9999999999999, 0.9086047526418538
896.9999999999999, 0.9097675860708114
898, 0.9109416461143873
898.9999999999999, 0.9120540374287214
899.9999999999999, 0.9136867142349072
900.9999999999999, 0.9152634444381504
902, 0.9168335754865902
902.9999999999999, 0.9185470244274168
903.9999999999999, 0.9206488807095974
904.9999999999999, 0.9224402980332409
906, 0.924564913588738
906.9999999999999, 0.9259844777529922
907.9999999999999, 0.9281618781251364
909, 0.9302793203945972
910, 0.9327639514059443
910.9999999999999, 0.9353472221327506
911.9999999999999, 0.9381639270643725
913, 0.940204276122697
914, 0.9419562168180469
914.9999999999999, 0.9441322531806937
915.9999999999999, 0.9458423196185917
917, 0.9485614577564676
917.9999999999999, 0.9521331202411991
918.9999999999999, 0.9546268435506204
919.9999999999999, 0.9576822734775243
921, 0.9599616011716892
921.9999999999999, 0.9623027345013511
922.9999999999999, 0.9646242125765263
923.9999999999999, 0.9675683003773182
925, 0.9701391325414631
925.9999999999999, 0.9724854085313973
926.9999999999999, 0.9745044589264269
927.9999999999999, 0.976707290139238
929, 0.9784749708647031
929.9999999999999, 0.9797935951424395
930.9999999999999, 0.9813670421601044
931.9999999999999, 0.9832099610874642
933, 0.9850289031201092
933.9999999999999, 0.9867973388771458
934.9999999999999, 0.9885468797569048
935.9999999999999, 0.990320773214217
937, 0.9916752977505611
937.9999999999999, 0.9924490757036835
938.9999999999999, 0.9928911316127316
940, 0.9939014539959646
940.9999999999999, 0.9943488546791157
941.9999999999999, 0.9953799358059809
942.9999999999999, 0.9949504502159345
944, 0.994567851095506
944.9999999999999, 0.9945599554317059
945.9999999999999, 0.9945911469592161
946.9999999999999, 0.994131393383672
948, 0.9938559446968835
948.9999999999999, 0.9937170283581016
950, 0.9931449118237317
950.9999999999999, 0.9921241616156584
951.9999999999999, 0.9913860032825837
952.9999999999999, 0.9905392108280977
953.9999999999999, 0.9893214197828675
954.9999999999999, 0.9881085410312416
956, 0.9870284202665145
957, 0.9850374990004274
958, 0.983957114250045
958.9999999999999, 0.982165182004636
959.9999999999999, 0.9808179820006446
960.9999999999999, 0.9791764209545613
961.9999999999999, 0.9780622837171563
962.9999999999999, 0.9768940625924798
964, 0.9754619097353211
965, 0.9741473263299596
965.9999999999999, 0.9721226045567928
966.9999999999999, 0.9703052051616678
967.9999999999999, 0.9685056694511319
968.9999999999999, 0.9666446910172792
969.9999999999999, 0.9658631255813726
971, 0.9648781779933346
972, 0.9639199522969093
973, 0.9623322397007619
973.9999999999999, 0.9608117550391102
974.9999999999999, 0.959577288625911
975.9999999999999, 0.9587264722589983
976.9999999999999, 0.9576848018978437
977.9999999999999, 0.9571718512993399
979, 0.9561447041609153
980, 0.9551511432823161
981, 0.9541940631632084
981.9999999999999, 0.9534611614861441
982.9999999999999, 0.9528124975632635
983.9999999999999, 0.9528578492303243
984.9999999999999, 0.9528627940723022
985.9999999999999, 0.9528614394095365
987, 0.9528613905325769
988, 0.9528615241823931
989, 0.9528623281726574
989.9999999999999, 0.9528558005737109
990.9999999999999, 0.952840405913338
991.9999999999999, 0.9533122967602925
992.9999999999999, 0.9540850077546197
993.9999999999999, 0.9550876170617242
995, 0.9560279660611166
996, 0.9567269510954274
996.9999999999999, 0.9579476905014692
997.9999999999999, 0.9591094074672719
998.9999999999999, 0.9602772207870032
999.9999999999999, 0.9614457831325023
1000.9999999999999, 0.9626090100234992
1002, 0.9637977082969289
1003, 0.9651584584123631
1004, 0.9669989742334262
1004.9999999999999, 0.9681587292647094
1005.9999999999999, 0.9696868904205196
1006.9999999999999, 0.971262766073423
1007.9999999999999, 0.9728408109996309
1008.9999999999999, 0.9743429427608585
1010, 0.9760359731542421
1011, 0.9770736130615386
1012, 0.9792084439077795
1012.9999999999999, 0.9802525532963478
1013.9999999999999, 0.9818946234035395
1014.9999999999999, 0.9830213218368475
1015.9999999999999, 0.984572274473545
1016.9999999999999, 0.9862721310505944
1018, 0.9870718109469756
1019, 0.9881650034354044
1019.9999999999999, 0.9890518841578229
1020.9999999999999, 0.9900685995764442
1021.9999999999999, 0.9908150720054656
1022.9999999999999, 0.9916538796864461
1023.9999999999999, 0.9922236316361674
1025, 0.9928514984561285
1026, 0.992953645893357
1027, 0.9936132307527235
1028, 0.9937374026202022
1029, 0.9938805633329257
1030, 0.9945331696690314
1031, 0.9946287765719437
1032, 0.9953343158090735
1033, 0.9948754064552094
1034, 0.9945245573916035
1035, 0.9945521872524148
1036, 0.9939052278410581
1037, 0.993777884551015
1038, 0.9927635796572443
1039, 0.9919257599347413
1040, 0.9907010382689154
1041, 0.9888747344552922
1042, 0.9875862744825692
1043, 0.9864134338461439
1044, 0.9852499369515891
1045, 0.9841091964002256
1046, 0.9825834196221972
1047, 0.9812927718686768
1048, 0.9795477626378404
1049, 0.977343099016664
1050, 0.9754029130270979
1051, 0.97346644232546
1052, 0.9706786742978077
1053, 0.9683981437456504
1054, 0.9660298212950685
1055, 0.9642345633907494
1056, 0.9621983635419885
1057, 0.9598609440813264
1058, 0.9575525353120695
1059, 0.9547645252301262
1060, 0.9521509003077739
1061, 0.9498308003291264
1062, 0.9482549425506037
1063, 0.945853898861696
1064, 0.9441577924593549
1065, 0.9419721219836343
1066, 0.9401033301751844
1067, 0.9377278772443453
1068, 0.9354507368639297
1069, 0.9334598519551709
1070, 0.9315549350485521
1071, 0.9296010260894569
1072, 0.9276247581662922
1073, 0.9258383186329147
1074, 0.9245069996019075
1075, 0.9224118585985784
1076, 0.9208253657014223
1077, 0.9188887590288214
1078, 0.9175844970892595
1079, 0.9157351138969947
1080, 0.9149999193734357
1081, 0.9141275936772164
1082, 0.9130221200019721
1083, 0.9121456593294504
1084, 0.9111144809890395
1085, 0.9101067811667873
1086, 0.9095916655871388
1087, 0.908658107912726
1088, 0.9084302440687271
1089, 0.9078675953065412
1090, 0.9079347941589673
1091, 0.9074570807834639
1092, 0.9070186283063357
1093, 0.907445178001445
1094, 0.9079059745456478
1095, 0.9081868681233785
1096, 0.9087425679066048
1097, 0.9086767582478299
1098, 0.9091581593763935
1099, 0.9094781679497577
1100, 0.9103051387261922
1101, 0.9104093096737886
1102, 0.9113879859487395
1103, 0.9125626602617063
1104, 0.9137421071973177
1105, 0.9149163777512941
1106, 0.9167237058748403
1107, 0.9180603290238456
1108, 0.9192281187127738
1109, 0.9203879711991174
1110, 0.9215268096370506
1111, 0.9232549978144202
1112, 0.9251727874768065
1113, 0.9273163350065607
1114, 0.9294620349953657
1115, 0.9313791824526507
1116, 0.9331123798313952
1117, 0.934317414362273
1118, 0.9358502839468187
1119, 0.9369956143496179
1119.9999999999998, 0.9390069809665011
1121, 0.9409038439936781
1122, 0.9435590951398858
1123, 0.9455802583529855
1124, 0.9473871259987232
1125, 0.9494114359998149
1126, 0.9517680141996645
1127, 0.9541562778949089
1128, 0.9560451092618423
1129, 0.9580910749181639
1130, 0.9598919382532598
1131, 0.9617745709457766
1132, 0.9641853018084252
1133, 0.9665357099934581
1134, 0.9688317955751617
1135, 0.9707767828595086
1136, 0.9722193272411123
1137, 0.9742720844884096
1138, 0.9764665763657749
1139, 0.9785052820902449
1140, 0.9798977953631642
1141, 0.9813274152011269
1142, 0.9826421561243326
1143, 0.9847391661534375
1144, 0.9858076452823341
1145, 0.9869850268688096
1146, 0.988141283087071
1147, 0.989290860746961
1148, 0.9900832340084567
1149, 0.9908554486132106
1150, 0.9920579574666573
1150.9999999999998, 0.9928233895225469
1152, 0.9938834275435833
1153, 0.9943871014560361
1154, 0.9954788196002889
1155, 0.9961641047276457
1156, 0.9969889254469259
1157, 0.9971461374668018
1158, 0.9973981759147803
1159, 0.9978295276913505
1160, 0.9983722786286627
1161, 0.9985679696325054
1162, 0.9977462856126212
1163, 0.9978345000842765
1164, 0.997215745856171
1165, 0.9970219381679326
1166, 0.9964653019039589
1167, 0.9962025966856365
1168, 0.9957227604110424
1169, 0.9953803653431543
1170, 0.9949801616747587
1171, 0.9943844982855462
1172, 0.9938528057886871
1173, 0.9928914148285293
1173.9999999999998, 0.9923748657994813
1175, 0.9916288139148689
1176, 0.9904206583921267
1177, 0.9892642233147254
1178, 0.9880958442356345
1179, 0.98692711613359
1180, 0.9857588713643859
1181, 0.9845885162220029
1181.9999999999998, 0.9834164697272455
1183, 0.982339172022739
1184, 0.9802787599693992
1185, 0.9791228993039491
1186, 0.9779260648333874
1187, 0.9767383446811058
1188, 0.9758870049254189
1189, 0.9748167945601727
1190, 0.9738942300177273
1191, 0.9729080551404461
1192, 0.9719404596784309
1193, 0.970624701590121
1194, 0.9693196835546067
1195, 0.967774068322333
1196, 0.9665820658325045
1196.9999999999998, 0.9643608519614162
1198, 0.9630905461499828
1199, 0.9619208044975069
1200, 0.9607547412459019
1201, 0.9595925622532049
1202, 0.9583715230974299
1203, 0.9576726822029282
1204, 0.9567251129776349
1204.9999999999998, 0.9557278206741815
1206, 0.955023553943738
1207, 0.9537763592534689
1208, 0.9531877419625083
1209, 0.9522715113262882
1210, 0.9516014491488288
1211, 0.9506952350452241
1212, 0.9504101061476831
1212.9999999999998, 0.9495772052357423
1214, 0.9488572004243145
1215, 0.948593088200929
1216, 0.9478906598506662
1217, 0.9479071733292808
1218, 0.9475002623665211
1219, 0.9475469028503998
1220, 0.9470987013260044
1221, 0.9471335516718491
1222, 0.9470272345366861
1223, 0.9467464173966347
1224, 0.9462898044747663
1225, 0.9463314841075852
1226, 0.9463210292248305
1227, 0.9463212748222498
1227.9999999999998, 0.9463196055153105
1229, 0.946302345876761
1230, 0.9465864347587043
1231, 0.9471511921907778
1232, 0.9473291860755881
1233, 0.9479575492734025
1234, 0.9480799977451171
1235, 0.948758665296239
1235.9999999999998, 0.9489891560117987
1237, 0.9496119809382735
1238, 0.9500926146163777
1239, 0.9503435132078459
1240, 0.9512334250497442
1241, 0.9513503712191023
1242, 0.9519959124134947
1243, 0.9525762354475905
1244, 0.9531687072144016
1245, 0.9537840580583419
1246, 0.9550183001147934
1247, 0.9557285485225743
1248, 0.9565075420969569
1249, 0.957293232251293
1250, 0.958352878070274
1250.9999999999998, 0.9588470003874068
1252, 0.9599528005457783
1253, 0.9611099733998152
1254, 0.9622816282371448
1255, 0.9636367913791597
1256, 0.9650322311053386
1257, 0.9660872875523323
1258, 0.9669226004366029
1258.9999999999998, 0.9680634823778247
1259.9999999999998, 0.9688986606452146
1260.9999999999998, 0.9696397798425893
1261.9999999999998, 0.9706338362574283
1263, 0.9715814870779352
1264, 0.9721765200988544
1265, 0.9730369980279716
1266, 0.9747010443643676
1266.9999999999998, 0.975829984489649
1267.9999999999998, 0.9770070417928971
1268.9999999999998, 0.9781653707075371
1270, 0.9793665733332595
1271, 0.9800548250891066
1272, 0.9813071682956358
1273, 0.9819406311831449
1273.9999999999998, 0.9827576595313298
1274.9999999999998, 0.9839517086202001
1275.9999999999998, 0.9844910639767341
1276.9999999999998, 0.9854692586121311
1278, 0.9865570305459022
1279, 0.9870408867179128
1280, 0.9880423699923122
1281, 0.9885433804398922
1281.9999999999998, 0.9888534655799677
1282.9999999999998, 0.9896725733987111
1283.9999999999998, 0.9903864125745085
1284.9999999999998, 0.9909571236857588
1286, 0.9919773917362771
1287, 0.9922234538999835
1288, 0.9928979308371345
1289, 0.9937560594670977
1289.9999999999998, 0.9941225962259093
1290.9999999999998, 0.9945321579651181
1291.9999999999998, 0.9954767741510836
1292.9999999999998, 0.9953211580489896
1294, 0.9958000618727378
1295, 0.9960358304971381
1296, 0.9961856990733124
1297, 0.9963425657332856
1297.9999999999998, 0.9970042737669541
1298.9999999999998, 0.9964203017099194
1299.9999999999998, 0.9961774742293206
1301, 0.9961853047793778
1302, 0.9962395132482678
1303, 0.9957740590978323
1304, 0.9955987351537476
1304.9999999999998, 0.9953635448494589
1305.9999999999998, 0.9952706319396367
1306.9999999999998, 0.9946176672146574
1307.9999999999998, 0.9945768404082639
1309, 0.9943296155554782
1310, 0.9937260216559194
1311, 0.993834934111336
1312, 0.9929579283097683
1312.9999999999998, 0.9926630157649123
1313.9999999999998, 0.9921399341315031
1314.9999999999998, 0.9912226884356488
1315.9999999999998, 0.9910710587280722
1317, 0.9904453244838232
1318, 0.9898008517861089
1319, 0.989683669725269
1320, 0.9888107995119917
1320.9999999999998, 0.9881544018782197
1321.9999999999998, 0.9878855817825807
1322.9999999999998, 0.9871937753927441
1323.9999999999998, 0.9863032308250048
1325, 0.985567867124002
1326, 0.9848178441522046
1327, 0.9837473208083579
1327.9999999999998, 0.9832279227828131
1328.9999999999998, 0.9820949248979493
1329.9999999999998, 0.9811801522457761
1330.9999999999998, 0.9806104290875279
1332, 0.9793897313154123
1333, 0.9786348671312836
1334, 0.9779503957365314
1335, 0.9766981324939572
1335.9999999999998, 0.9759987597007969
1336.9999999999998, 0.9750769302695685
1337.9999999999998, 0.9740406340656385
1338.9999999999998, 0.9731079747135254
1340, 0.9721135116298005
1341, 0.9713768883432399
1342, 0.9705415864063572
1343, 0.9695092995987825
1343.9999999999998, 0.9686624912216244
1344.9999999999998, 0.9679303885547966
1345.9999999999998, 0.9669557199813597
1346.9999999999998, 0.9659843099898808
1348, 0.9654387405267477
1349, 0.9644059388037689
1350, 0.9641557459742293
1350.9999999999998, 0.9635030487881567
1351.9999999999998, 0.9626069448476972
1352.9999999999998, 0.9621071740329858
1353.9999999999998, 0.9610736176434305
1354.9999999999998, 0.9605182791084791
1356, 0.9595467402594
1357, 0.9589222229127654
1358, 0.9580703452770678
1358.9999999999998, 0.9568930190936433
1359.9999999999998, 0.9563919841824879
1360.9999999999998, 0.9553312532507359
1361.9999999999998, 0.955020614240256
1363, 0.9545357254434212
1364, 0.9536381435223646
1365, 0.9531179600713418
1366, 0.9528524117535011
1366.9999999999998, 0.9521809939740284
1367.9999999999998, 0.9520491076399138
1368.9999999999998, 0.9514324182578306
1369.9999999999998, 0.9512398545823548
1371, 0.9506914472946102
1372, 0.9503797095457978
1373, 0.9503851438702051
1374, 0.9497327991108567
1374.9999999999998, 0.9495959877053832
1375.9999999999998, 0.9489859101168645
1376.9999999999998, 0.9487561752484697
1377.9999999999998, 0.9487056246937695
1379, 0.948047834979415
1380, 0.9479606326590106
1381, 0.947954044268019
1381.9999999999998, 0.9479561452560858
1382.9999999999998, 0.9479561542151315
1383.9999999999998, 0.9479561084938022
1384.9999999999998, 0.9479561320123824
1385.9999999999998, 0.9479559468682839
1387, 0.9479556321973928
1388, 0.9479645386835875
1389, 0.9479508146052743
1389.9999999999998, 0.9485633561484557
1390.9999999999998, 0.9487905650028954
1391.9999999999998, 0.9488453048407759
1392.9999999999998, 0.9494998467877236
1394, 0.9495771194571545
1395, 0.9498168613697675
1396, 0.9500033896611908
1397, 0.9501614967726324
1397.9999999999998, 0.950422951536821
1398.9999999999998, 0.9504162426123158
1399.9999999999998, 0.9503764797352778
1400.9999999999998, 0.950878793328648
1402, 0.9512791846137847
1403, 0.9512152777204856
1404, 0.9520554060837789
1404.9999999999998, 0.952764278997422
1405.9999999999998, 0.9530093456058932
1406.9999999999998, 0.9540116878392465
1407.9999999999998, 0.9545891758383678
1408.9999999999998, 0.9555895227774669
1410, 0.9561212683614762
1411, 0.9571684979738315
1412, 0.9576767707597873
1412.9999999999998, 0.9588316301923374
1413.9999999999998, 0.9597224504711049
1414.9999999999998, 0.9603256424103106
1415.9999999999998, 0.9610739702977664
1417, 0.9614394156931922
1418, 0.9618070625849731
1419, 0.9625892275635732
1420, 0.9628628623970221
1420.9999999999998, 0.9634564110454338
1421.9999999999998, 0.9643491103483568
1422.9999999999998, 0.9646799583071256
1423.9999999999998, 0.9659386917081061
1425, 0.9664806227523972
1426, 0.9674689985417435
1427, 0.9680720197236912
1427.9999999999998, 0.9689494596615904
1428.9999999999998, 0.9701101961145928
1429.9999999999998, 0.9706333120814954
1430.9999999999998, 0.9716637811916558
1431.9999999999998, 0.9726502457518635
1433, 0.9736103387001986
1434, 0.974324586049774
1435, 0.9752696243638801
1435.9999999999998, 0.9758743240533527
1436.9999999999998, 0.9765734680052787
1437.9999999999998, 0.9773915352060543
1438.9999999999998, 0.97818969932295
1439.9999999999998, 0.9789421042157807
1441, 0.9791565992666906
1442, 0.9805298716820887
1443, 0.9807362327870628
1443.9999999999998, 0.9817142112833166
1444.9999999999998, 0.9827071345124598
1445.9999999999998, 0.9834143732332559
1446.9999999999998, 0.984658604241252
1448, 0.9852319359387355
1449, 0.9862270720195501
1450, 0.9864728835115673
1451, 0.9871856142255666
1451.9999999999998, 0.9880223897812637
1452.9999999999998, 0.988136814574065
1453.9999999999998, 0.9887874867179236
1454.9999999999998, 0.9894019565423333
1456, 0.989585884942698
1457, 0.99052207038221
1458, 0.9906526644913545
1458.9999999999998, 0.9912897561700762
1459.9999999999998, 0.9912512275004914
1460.9999999999998, 0.991630155461344
1461.9999999999998, 0.9921161512479633
1462.9999999999998, 0.9923703048832878
1464, 0.9929342079197649
1465, 0.9931174934160616
1466, 0.9937419904225968
1466.9999999999998, 0.9938712631421025
1467.9999999999998, 0.9945347512608355
1468.9999999999998, 0.9946333022195948
1469.9999999999998, 0.9953170113541165
1470.9999999999998, 0.9954266248425583
1472, 0.9957770182178319
1473, 0.9961994282292239
1474, 0.9961373442541943
1474.9999999999998, 0.9965743396267865
1475.9999999999998, 0.9967354348351816
1476.9999999999998, 0.9967054332021363
1477.9999999999998, 0.9965564950755712
1479, 0.9961412999886781
1480, 0.9961823262158257
1481, 0.9957802597859724
1481.9999999999998, 0.9954104990021333
1482.9999999999998, 0.9953867254353086
1483.9999999999998, 0.9953726512024778
1484.9999999999998, 0.9953741584473295
1485.9999999999998, 0.9953745683772309
1487, 0.9953744894507526
1488, 0.995366813070391
1489, 0.9953906358528292
1489.9999999999998, 0.9947961798004359
1490.9999999999998, 0.994570004110493
1491.9999999999998, 0.9940536244671789
1492.9999999999998, 0.9937063022360779
1493.9999999999998, 0.9937307840652996
1495, 0.9930918564322527
1496, 0.992930846592279
1497, 0.992327885490244
1497.9999999999998, 0.9921733202249425
1498.9999999999998, 0.9912511680307043
1499.9999999999998, 0.9907605365587207
1500.9999999999998, 0.9904487400685251
1501.9999999999998, 0.9896305917009001
1503, 0.9889151139478565
1504, 0.9883445435539089
1504.9999999999998, 0.9873285082692516
1505.9999999999998, 0.9871020831570885
1506.9999999999998, 0.9860673872140793
1507.9999999999998, 0.9855239755222223
1508.9999999999998, 0.9847425106762522
1510, 0.9840049889579612
1511, 0.9834383970104805
1512, 0.9824158664981735
1512.9999999999998, 0.9821693326858569
1513.9999999999998, 0.9814994956652657
1514.9999999999998, 0.9806382207943498
1515.9999999999998, 0.980324893168332
1516.9999999999998, 0.979452862786302
1518, 0.9787418704139981
1519, 0.977911295905248
1520, 0.9768723648123254
1520.9999999999998, 0.976099890265639
1521.9999999999998, 0.9749009698188533
1522.9999999999998, 0.97436502878787
1523.9999999999998, 0.9733767156104379
1524.9999999999998, 0.9723032376308856
1526, 0.9717877417545577
1527, 0.970654454908346
1528, 0.9697936518575188
1528.9999999999998, 0.9687661705600006
1529.9999999999998, 0.968044639102652
1530.9999999999998, 0.9668097299989652
1531.9999999999998, 0.9662494457242699
1532.9999999999998, 0.9652785942226376
1534, 0.9645642033550517
1535, 0.9636464225155397
1535.9999999999998, 0.9626262095878659
1536.9999999999998, 0.9621161169168453
1537.9999999999998, 0.9610834935267318
1538.9999999999998, 0.960353143773176
1539.9999999999998, 0.9594962278636144
1541, 0.95837899222486
1542, 0.9575288431003792
1543, 0.9564995848892576
1543.9999999999998, 0.9557214568942458
1544.9999999999998, 0.9549446057842965
1545.9999999999998, 0.9539166584854366
1546.9999999999998, 0.9530603192729417
1547.9999999999998, 0.9519226754923467
1549, 0.951423608688069
1550, 0.9503667354252232
1551, 0.949581950718662
1551.9999999999998, 0.9488143920829469
1552.9999999999998, 0.9479196871281798
1553.9999999999998, 0.9473647838932975
1554.9999999999998, 0.9463090225679647
1555.9999999999998, 0.9457538110425223
1557, 0.9454628135604068
1558, 0.9446719543536158
1558.9999999999998, 0.9439175223774621
1559.9999999999998, 0.9433681996941016
1560.9999999999998, 0.9423370893824525
1561.9999999999998, 0.9421112182178145
1562.9999999999998, 0.9410905992996025
1563.9999999999998, 0.9405264541477265
1565, 0.9397972877846874
1566, 0.9389913702375092
1566.9999999999998, 0.9387709320562718
1567.9999999999998, 0.9374035884627117
1568.9999999999998, 0.9371695088641809
1569.9999999999998, 0.9365411602011284
1570.9999999999998, 0.9356645292645773
1572, 0.9352789562992858
1573, 0.9348764045555902
1574, 0.9342923418975699
1574.9999999999998, 0.9337417644694772
1575.9999999999998, 0.9332543847873802
1576.9999999999998, 0.9326544764278211
1577.9999999999998, 0.9323727156101209
1578.9999999999998, 0.9316070272772676
1580, 0.9308120149162309
1581, 0.9306550734357377
1581.9999999999998, 0.9303960508684384
1582.9999999999998, 0.9299431225722048
1583.9999999999998, 0.9297354683792258
1584.9999999999998, 0.9291348576147769
1585.9999999999998, 0.9292013794398832
1586.9999999999998, 0.9287556098293843
1588, 0.9287884352259327
1589, 0.9283968974917729
1589.9999999999998, 0.9283681972588216
1590.9999999999998, 0.9280337882226871
1591.9999999999998, 0.9279008438658614
1592.9999999999998, 0.9274629718720161
1593.9999999999998, 0.927527588277317
1595, 0.9270988919486538
1596, 0.9267650162050423
1597, 0.9267346201350983
1597.9999999999998, 0.9263962190246935
1598.9999999999998, 0.9262636927352264
1599.9999999999998, 0.9258403380884932
1600.9999999999998, 0.9258827774607572
1601.9999999999998, 0.925883009714279
1603, 0.9258820057372996
1604, 0.9258819596578429
1605, 0.9258829933207482
1605.9999999999998, 0.9258847470160487
1606.9999999999998, 0.925836066979076
1607.9999999999998, 0.9262852920866675
1608.9999999999998, 0.9264430669473231
1609.9999999999998, 0.9266914279361894
1611, 0.9272427668678869
1612, 0.927548044983886
1612.9999999999998, 0.92755428301204
1613.9999999999998, 0.9279754870816939
1614.9999999999998, 0.9279197770263925
1615.9999999999998, 0.9283753671538341
1616.9999999999998, 0.928339367775491
1617.9999999999998, 0.9284268144977836
1619, 0.9287820541545271
1620, 0.928782990592911
1620.9999999999998, 0.9291982493540714
1621.9999999999998, 0.9291485678150302
1622.9999999999998, 0.9297637496210338
1623.9999999999998, 0.9299856810939373
1624.9999999999998, 0.9300435512489604
1626, 0.9307113615674332
1627, 0.9308117749167946
1628, 0.9314657249206066
1628.9999999999998, 0.931606371938486
1629.9999999999998, 0.9317330445997181
1630.9999999999998, 0.9323911647593388
1631.9999999999998, 0.9324874942058313
1632.9999999999998, 0.9331674053362735
1634, 0.9332656875442307
1635, 0.9339201830092112
1635.9999999999998, 0.9340585914906623
1636.9999999999998, 0.9341900627222554
1637.9999999999998, 0.9348374651755913
1638.9999999999998, 0.9348452582823461
1639.9999999999998, 0.9351609161203412
1640.9999999999998, 0.935805821004152
1642, 0.9364839274849066
1643, 0.9373260007062303
1643.9999999999998, 0.9376602672362457
1644.9999999999998, 0.9381093168119576
1645.9999999999998, 0.9389989944744528
1646.9999999999998, 0.9395808319379688
1647.9999999999998, 0.9398603282723013
1648.9999999999998, 0.9405885089159971
1650, 0.9414156626506294
1651, 0.9415181157595693
1651.9999999999998, 0.9422182007827411
1652.9999999999998, 0.9424493000172447
1653.9999999999998, 0.9430121559618386
1654.9999999999998, 0.9439042137254983
1655.9999999999998, 0.9443538711053177
1657, 0.9446877992727516
1658, 0.9455167304865363
1658.9999999999998, 0.9462441197976903
1659.9999999999998, 0.946524655770264
1660.9999999999998, 0.9471033306697
1661.9999999999998, 0.9479975899759365
1662.9999999999998, 0.9483822367513911
1663.9999999999998, 0.9491844709436734
1665, 0.9499997436569947
1666, 0.950372658335294
1667, 0.9512958521180663
1668, 0.9514892939051229
1669, 0.9520997163967627
1670, 0.9527524071533502
1670.9999999999998, 0.9528686254280858
1671.9999999999998, 0.9536865079025072
1672.9999999999998, 0.9544256152658284
1673.9999999999998, 0.9546986744962007
1674.9999999999998, 0.9553360701170228
1675.9999999999998, 0.9558139931822291
1676.9999999999998, 0.956109133823098
1677.9999999999998, 0.9565439224837187
1678.9999999999998, 0.9567145334401626
1679.9999999999998, 0.9569424154887511
1681, 0.9575324288745068
1682, 0.9576960183442256
1683, 0.9586201606754801
1684, 0.9590731669942243
1685, 0.9594034481855203
1685.9999999999998, 0.9600150315699227
1686.9999999999998, 0.9605698159749307
1687.9999999999998, 0.9610112647902791
1688.9999999999998, 0.961688153562873
1689.9999999999998, 0.961955733832393
1690.9999999999998, 0.9626526050622557
1691.9999999999998, 0.9635001172443263
1692.9999999999998, 0.9638508474555603
1693.9999999999998, 0.9642838111796213
1694.9999999999998, 0.9653069837622508
1696, 0.9658592741389385
1697, 0.9659240570633025
1698, 0.9661521766783441
1699, 0.9667640277234923
1700, 0.9668962070605707
1701, 0.9675579895297122
1701.9999999999998, 0.9676603016101966
1702.9999999999998, 0.9683276004739387
1703.9999999999998, 0.9683778786611416
1704.9999999999998, 0.9686054267798732
1705.9999999999998, 0.9692162343058064
1706.9999999999998, 0.9694034908200635
1707.9999999999998, 0.9696061526701623
1708.9999999999998, 0.9700485254636655
1709.9999999999998, 0.9703433887244097
1710.9999999999998, 0.9704139515343859
1712, 0.9706964091714243
1713, 0.9708417520181987
1714, 0.9710515103735364
1715, 0.9712426450499732
1716, 0.9717117301975842
1716.9999999999998, 0.971659174740461
1717.9999999999998, 0.9716645246745215
1718.9999999999998, 0.9716654773764597
1719.9999999999998, 0.9716653016709258
1720.9999999999998, 0.9716624249054184
1721.9999999999998, 0.9716706981838601
1722.9999999999998, 0.971788513060057
1723.9999999999998, 0.9721051198237478
1724.9999999999998, 0.9721411133900342
1725.9999999999998, 0.9725122694957415
1727, 0.9724798977326239
1728, 0.9726738399826967
1729, 0.9729041046412252
1730, 0.9730222478205028
1731, 0.9733201978165116
1732, 0.9733028205686475
1732.9999999999998, 0.9732996591014704
1733.9999999999998, 0.9733002403425446
1734.9999999999998, 0.9733034620926109
1735.9999999999998, 0.9732948516256978
1736.9999999999998, 0.9731625199053264
1737.9999999999998, 0.9729099272699918
1738.9999999999998, 0.9724459057053704
1739.9999999999998, 0.9724805406951362
1740.9999999999998, 0.972466298504836
1741.9999999999998, 0.9720215044339946
1743, 0.9720937152224287
1744, 0.9716162168254432
1745, 0.971697936981825
1746, 0.9711519282600093
1747, 0.9708176595092239
1747.9999999999998, 0.9708368592811583
1748.9999999999998, 0.9700865829353076
1749.9999999999998, 0.9711653087926415

